Title,Doors,Auction Name,Center,Reg,Lot,Start Date,Start Time,Make,Model,Variant,Former Keepers,Fuel Type,Transmission,Colour,VAT Status,MOT Expiry Date,V5,Keys,Service History,CAP Clean,CAP Average,CAP Below,Vendor,Last service mileage,Last Service,No of services,D.O.R,Year,CC,Mileage,Mileage Warranted,General Condition,Non Runner,Additional Information,Tyres Condition,Inspection Report,Grade,Damage Images,Damage Details,Images
Ford Fiesta 1.0 EcoBoost Zetec 5dr Auto,5,Dealer P/X and Finance,Lancing,GC17FHZ,153,24/11/2025,14:00,Ford,Fiesta,1.0 EcoBoost Zetec 5dr Auto,4,Petrol,AUTOMATIC,BLACK,Margin,01/04/2026,Buyer To Apply,1,None,"£5,725.00","£4,950.00","£4,150.00",ADVANTAGE FINANCE,,,,31/07/2017,2017,1.0,66719,No,"{
    ""Mechanical"": {},
    ""Interior"": {
        ""Carpet condition"": ""Average"",
        ""Seat condition"": ""Average"",
        ""Upholstery condition"": ""Average"",
        ""Odour"": ""No""
    }
}",Yes,"{
    ""Notes"": {}
}","Tyre NSF: 4.0mm, Tyre OSF: 4.0mm, Tyre NSR: 4.0mm, Tyre OSR: 4.0mm, Spare Tyre: na",https://www.shorehamvehicleauctions.com/motorvehicleinspectionreport/standard/13691.pdf,4,"https://shoreham-prod-data-s3-public.s3.eu-west-1.amazonaws.com/motorvehicle/13691/images/1763376178_pSZeMT.jpg,https://shoreham-prod-data-s3-public.s3.eu-west-1.amazonaws.com/motorvehicle/13691/images/1763376197_djT8vz.jpg,https://shoreham-prod-data-s3-public.s3.eu-west-1.amazonaws.com/motorvehicle/13691/images/1763376210_VtDvdn.jpg,https://shoreham-prod-data-s3-public.s3.eu-west-1.amazonaws.com/motorvehicle/13691/images/1763376225_2cyiyP.jpg,https://shoreham-prod-data-s3-public.s3.eu-west-1.amazonaws.com/motorvehicle/13691/images/1763376242_yKoTSr.jpg,https://shoreham-prod-data-s3-public.s3.eu-west-1.amazonaws.com/motorvehicle/13691/images/1763376261_ZrVl3I.jpg,https://shoreham-prod-data-s3-public.s3.eu-west-1.amazonaws.com/motorvehicle/13691/images/1763376299_BRHjVB.jpg,https://shoreham-prod-data-s3-public.s3.eu-west-1.amazonaws.com/motorvehicle/13691/images/1763376315_939yOW.jpg,https://shoreham-prod-data-s3-public.s3.eu-west-1.amazonaws.com/motorvehicle/13691/images/1763376330_m1dgdo.jpg,https://shoreham-prod-data-s3-public.s3.eu-west-1.amazonaws.com/motorvehicle/13691/images/1763376344_4vYYtA.jpg,https://shoreham-prod-data-s3-public.s3.eu-west-1.amazonaws.com/motorvehicle/13691/images/1763376355_XX2qZh.jpg,https://shoreham-prod-data-s3-public.s3.eu-west-1.amazonaws.com/motorvehicle/13691/images/1763376376_Hhw6q6.jpg,https://shoreham-prod-data-s3-public.s3.eu-west-1.amazonaws.com/motorvehicle/13691/images/1763376390_dG5cWx.jpg,https://shoreham-prod-data-s3-public.s3.eu-west-1.amazonaws.com/motorvehicle/13691/images/1763376408_QC9dHu.jpg,https://shoreham-prod-data-s3-public.s3.eu-west-1.amazonaws.com/motorvehicle/13691/images/1763376424_aKX8Ql.jpg,https://shoreham-prod-data-s3-public.s3.eu-west-1.amazonaws.com/motorvehicle/13691/images/1763376463_VkBtzy.jpg,https://shoreham-prod-data-s3-public.s3.eu-west-1.amazonaws.com/motorvehicle/13691/images/1763376478_KPDxYp.jpg,https://shoreham-prod-data-s3-public.s3.eu-west-1.amazonaws.com/motorvehicle/13691/images/1763376493_c4PKCf.jpg,https://shoreham-prod-data-s3-public.s3.eu-west-1.amazonaws.com/motorvehicle/13691/images/1763376503_pbfnFD.jpg,https://shoreham-prod-data-s3-public.s3.eu-west-1.amazonaws.com/motorvehicle/13691/images/1763376517_a6cgYd.jpg,https://shoreham-prod-data-s3-public.s3.eu-west-1.amazonaws.com/motorvehicle/13691/images/1763376542_azrds9.jpg,https://shoreham-prod-data-s3-public.s3.eu-west-1.amazonaws.com/motorvehicle/13691/images/1763376570_kax3WS.jpg,https://shoreham-prod-data-s3-public.s3.eu-west-1.amazonaws.com/motorvehicle/13691/images/1763376588_OTGWAd.jpg,https://shoreham-prod-data-s3-public.s3.eu-west-1.amazonaws.com/motorvehicle/13691/images/1763376613_GuXbHD.jpg,https://shoreham-prod-data-s3-public.s3.eu-west-1.amazonaws.com/motorvehicle/13691/images/1763376629_FcltyF.jpg","Bonnet Poor Previous Repair Poor Paint,Bumper Front Scratched 25 to 100mm Thru Paint,Wheel nsf Scratched Up To 50mm,Wing nsf Scratched UpTo 25mm Thru Paint,A Post ns Scratched UpTo 25mm Thru Paint,Door Mirror Assy nsf Scratched (Painted) UpTo 25mm Thru Paint,Door nsf Dented With Paint Damage,Seat Base Cover nsf Soiled Light,Sill ns Scratched UpTo 25mm Thru Paint,Door nsr Dented Over 30mm,C Post ns Chipped 1 To 5,Qtr Panel nsr Dented With Paint Damage,Bumper Rear Scratched 25 to 100mm Thru Paint,Tailgate Scratched UpTo 25mm Thru Paint,Qtr Panel osr Scratched UpTo 25mm Thru Paint,C Post os Scratched UpTo 25mm Thru Paint,Door osr Dented Between 10mm + 30mm,B Post os Scratched UpTo 25mm Thru Paint,Sill os Scratched UpTo 25mm Thru Paint,Fascia Trim Damaged Replace,Fascia Trim Damaged Replace,Roof Scratched UpTo 25mm Thru Paint,Door osf Dented Hail - Moderate,Wing osf Poor Previous Repair Poor Paint,Wheel osf Scratched Up To 50mm","https://shoreham-prod-data-s3-public.s3.eu-west-1.amazonaws.com/motorvehicle/13691/images/1763375949_QBrxKJ.jpg, https://shoreham-prod-data-s3-public.s3.eu-west-1.amazonaws.com/motorvehicle/13691/images/1763375956_iwvaPq.jpg, https://shoreham-prod-data-s3-public.s3.eu-west-1.amazonaws.com/motorvehicle/13691/images/1763375962_A9cQD1.jpg, https://shoreham-prod-data-s3-public.s3.eu-west-1.amazonaws.com/motorvehicle/13691/images/1763375966_2QSonW.jpg, https://shoreham-prod-data-s3-public.s3.eu-west-1.amazonaws.com/motorvehicle/13691/images/1763375972_0M3P2z.jpg, https://shoreham-prod-data-s3-public.s3.eu-west-1.amazonaws.com/motorvehicle/13691/images/1763375978_jBJONt.jpg, https://shoreham-prod-data-s3-public.s3.eu-west-1.amazonaws.com/motorvehicle/13691/images/1763375982_3ToMqf.jpg, https://shoreham-prod-data-s3-public.s3.eu-west-1.amazonaws.com/motorvehicle/13691/images/1763375986_o4kR3R.jpg, https://shoreham-prod-data-s3-public.s3.eu-west-1.amazonaws.com/motorvehicle/13691/images/1763375990_4tNogL.jpg, https://shoreham-prod-data-s3-public.s3.eu-west-1.amazonaws.com/motorvehicle/13691/images/1763375996_hMYf9o.jpg, https://shoreham-prod-data-s3-public.s3.eu-west-1.amazonaws.com/motorvehicle/13691/images/1763376016_Th93AT.jpg, https://shoreham-prod-data-s3-public.s3.eu-west-1.amazonaws.com/motorvehicle/13691/images/1763376020_bUizZ7.jpg, https://shoreham-prod-data-s3-public.s3.eu-west-1.amazonaws.com/motorvehicle/13691/images/1763376024_oZcwgI.jpg, https://shoreham-prod-data-s3-public.s3.eu-west-1.amazonaws.com/motorvehicle/13691/images/1763376025_cNV9hh.jpg, https://shoreham-prod-data-s3-public.s3.eu-west-1.amazonaws.com/motorvehicle/13691/images/1763376060_eSsjq8.jpg, https://shoreham-prod-data-s3-public.s3.eu-west-1.amazonaws.com/motorvehicle/13691/images/1763376067_Lao9Ir.jpg, https://shoreham-prod-data-s3-public.s3.eu-west-1.amazonaws.com/motorvehicle/13691/images/1763376101_DjHfCW.jpg, https://shoreham-prod-data-s3-public.s3.eu-west-1.amazonaws.com/motorvehicle/13691/images/1763376110_Uwszel.jpg, https://shoreham-prod-data-s3-public.s3.eu-west-1.amazonaws.com/motorvehicle/13691/images/1763376178_pSZeMT.jpg, https://shoreham-prod-data-s3-public.s3.eu-west-1.amazonaws.com/motorvehicle/13691/images/1763376197_djT8vz.jpg, https://shoreham-prod-data-s3-public.s3.eu-west-1.amazonaws.com/motorvehicle/13691/images/1763376210_VtDvdn.jpg, https://shoreham-prod-data-s3-public.s3.eu-west-1.amazonaws.com/motorvehicle/13691/images/1763376225_2cyiyP.jpg, https://shoreham-prod-data-s3-public.s3.eu-west-1.amazonaws.com/motorvehicle/13691/images/1763376242_yKoTSr.jpg, https://shoreham-prod-data-s3-public.s3.eu-west-1.amazonaws.com/motorvehicle/13691/images/1763376261_ZrVl3I.jpg, https://shoreham-prod-data-s3-public.s3.eu-west-1.amazonaws.com/motorvehicle/13691/images/1763376299_BRHjVB.jpg, https://shoreham-prod-data-s3-public.s3.eu-west-1.amazonaws.com/motorvehicle/13691/images/1763376315_939yOW.jpg, https://shoreham-prod-data-s3-public.s3.eu-west-1.amazonaws.com/motorvehicle/13691/images/1763376330_m1dgdo.jpg, https://shoreham-prod-data-s3-public.s3.eu-west-1.amazonaws.com/motorvehicle/13691/images/1763376344_4vYYtA.jpg, https://shoreham-prod-data-s3-public.s3.eu-west-1.amazonaws.com/motorvehicle/13691/images/1763376355_XX2qZh.jpg, https://shoreham-prod-data-s3-public.s3.eu-west-1.amazonaws.com/motorvehicle/13691/images/1763376376_Hhw6q6.jpg, https://shoreham-prod-data-s3-public.s3.eu-west-1.amazonaws.com/motorvehicle/13691/images/1763376390_dG5cWx.jpg, https://shoreham-prod-data-s3-public.s3.eu-west-1.amazonaws.com/motorvehicle/13691/images/1763376408_QC9dHu.jpg, https://shoreham-prod-data-s3-public.s3.eu-west-1.amazonaws.com/motorvehicle/13691/images/1763376424_aKX8Ql.jpg, https://shoreham-prod-data-s3-public.s3.eu-west-1.amazonaws.com/motorvehicle/13691/images/1763376463_VkBtzy.jpg, https://shoreham-prod-data-s3-public.s3.eu-west-1.amazonaws.com/motorvehicle/13691/images/1763376478_KPDxYp.jpg, https://shoreham-prod-data-s3-public.s3.eu-west-1.amazonaws.com/motorvehicle/13691/images/1763376493_c4PKCf.jpg, https://shoreham-prod-data-s3-public.s3.eu-west-1.amazonaws.com/motorvehicle/13691/images/1763376503_pbfnFD.jpg, https://shoreham-prod-data-s3-public.s3.eu-west-1.amazonaws.com/motorvehicle/13691/images/1763376517_a6cgYd.jpg, https://shoreham-prod-data-s3-public.s3.eu-west-1.amazonaws.com/motorvehicle/13691/images/1763376542_azrds9.jpg, https://shoreham-prod-data-s3-public.s3.eu-west-1.amazonaws.com/motorvehicle/13691/images/1763376570_kax3WS.jpg, https://shoreham-prod-data-s3-public.s3.eu-west-1.amazonaws.com/motorvehicle/13691/images/1763376588_OTGWAd.jpg, https://shoreham-prod-data-s3-public.s3.eu-west-1.amazonaws.com/motorvehicle/13691/images/1763376613_GuXbHD.jpg, https://shoreham-prod-data-s3-public.s3.eu-west-1.amazonaws.com/motorvehicle/13691/images/1763376629_FcltyF.jpg"
Ford S-Max 2.0 TDCi 150 Titanium 5dr Powershift,5,Dealer P/X and Finance,Lancing,MW16OCC,164,24/11/2025,14:00,Ford,S-Max,2.0 TDCi 150 Titanium 5dr Powershift,2,Diesel,AUTOMATIC,GREY,Margin,18/06/2026,Buyer To Apply,1,,"£5,825.00","£5,075.00","£4,325.00",ADVANTAGE FINANCE,,,,30/06/2016,2016,2.0,98668,No,"{
    ""Mechanical"": {},
    ""Interior"": {
        ""Carpet condition"": ""Average"",
        ""Seat condition"": ""Average"",
        ""Upholstery condition"": ""Average"",
        ""Odour"": ""No""
    }
}",Yes,"{
    ""Notes"": {
        ""Note 1"": ""INTERMITTENT FAULTS WITH SPEEDO AND CENTRE CONSOLE<br/>\n\nPARKING BRAKE FAULT, STEERING ASSIST FAULT<br/>\n\n1 SERVICE INVOICE AT 86,868 MILES 28.10.24 (TIMING BELT REPLACED)""
    }
}","Tyre NSF: 4.0mm, Tyre OSF: 4.0mm, Tyre NSR: 4.0mm, Tyre OSR: 4.0mm, Spare Tyre: na",https://www.shorehamvehicleauctions.com/motorvehicleinspectionreport/standard/13949.pdf,3,"https://shoreham-prod-data-s3-public.s3.eu-west-1.amazonaws.com/motorvehicle/13949/images/1763560893_8paVhn.jpg,https://shoreham-prod-data-s3-public.s3.eu-west-1.amazonaws.com/motorvehicle/13949/images/1763561099_OL3s0H.jpg,https://shoreham-prod-data-s3-public.s3.eu-west-1.amazonaws.com/motorvehicle/13949/images/1763561341_nIZiFj.jpg,https://shoreham-prod-data-s3-public.s3.eu-west-1.amazonaws.com/motorvehicle/13949/images/1763561411_mJAaP4.jpg,https://shoreham-prod-data-s3-public.s3.eu-west-1.amazonaws.com/motorvehicle/13949/images/1763561439_kTzzfV.jpg,https://shoreham-prod-data-s3-public.s3.eu-west-1.amazonaws.com/motorvehicle/13949/images/1763561475_gVGnxv.jpg,https://shoreham-prod-data-s3-public.s3.eu-west-1.amazonaws.com/motorvehicle/13949/images/1763561497_wlxzLx.jpg,https://shoreham-prod-data-s3-public.s3.eu-west-1.amazonaws.com/motorvehicle/13949/images/1763561525_UIXIPt.jpg,https://shoreham-prod-data-s3-public.s3.eu-west-1.amazonaws.com/motorvehicle/13949/images/1763561611_Ox4TVm.jpg,https://shoreham-prod-data-s3-public.s3.eu-west-1.amazonaws.com/motorvehicle/13949/images/1763561638_ESjMiG.jpg,https://shoreham-prod-data-s3-public.s3.eu-west-1.amazonaws.com/motorvehicle/13949/images/1763561670_vn0byV.jpg,https://shoreham-prod-data-s3-public.s3.eu-west-1.amazonaws.com/motorvehicle/13949/images/1763561692_b0BISR.jpg,https://shoreham-prod-data-s3-public.s3.eu-west-1.amazonaws.com/motorvehicle/13949/images/1763561715_AL34re.jpg,https://shoreham-prod-data-s3-public.s3.eu-west-1.amazonaws.com/motorvehicle/13949/images/1763561746_8zvokN.jpg,https://shoreham-prod-data-s3-public.s3.eu-west-1.amazonaws.com/motorvehicle/13949/images/1763561789_p3InGY.jpg,https://shoreham-prod-data-s3-public.s3.eu-west-1.amazonaws.com/motorvehicle/13949/images/1763561810_7SLGKm.jpg,https://shoreham-prod-data-s3-public.s3.eu-west-1.amazonaws.com/motorvehicle/13949/images/1763562171_ru0mu8.jpg,https://shoreham-prod-data-s3-public.s3.eu-west-1.amazonaws.com/motorvehicle/13949/images/1763562197_FMpLql.jpg,https://shoreham-prod-data-s3-public.s3.eu-west-1.amazonaws.com/motorvehicle/13949/images/1763562224_DmzjeT.jpg,https://shoreham-prod-data-s3-public.s3.eu-west-1.amazonaws.com/motorvehicle/13949/images/1763562252_cPSnZn.jpg,https://shoreham-prod-data-s3-public.s3.eu-west-1.amazonaws.com/motorvehicle/13949/images/1763562284_qfCKJw.jpg,https://shoreham-prod-data-s3-public.s3.eu-west-1.amazonaws.com/motorvehicle/13949/images/1763562322_y65H64.jpg,https://shoreham-prod-data-s3-public.s3.eu-west-1.amazonaws.com/motorvehicle/13949/images/1763562370_iFUDCG.jpg,https://shoreham-prod-data-s3-public.s3.eu-west-1.amazonaws.com/motorvehicle/13949/images/1763562390_mpKg9h.jpg,https://shoreham-prod-data-s3-public.s3.eu-west-1.amazonaws.com/motorvehicle/13949/images/1763562467_4V7fvF.jpg,https://shoreham-prod-data-s3-public.s3.eu-west-1.amazonaws.com/motorvehicle/13949/images/1763562491_fWTkrw.jpg,https://shoreham-prod-data-s3-public.s3.eu-west-1.amazonaws.com/motorvehicle/13949/images/1763562528_YorzxC.jpg","Wheel osf Scratched Up To 50mm,Wing osf Scratched UpTo 25mm Thru Paint,Bumper Front Insecure Action Required,Bumper Front Scratched 25 to 100mm Thru Paint,Bumper Front Moulding Scuffed (Unpainted) UpTo 100mm,Bonnet Scratched UpTo 25mm Thru Paint,Wheel nsf Scratched Over 50mm,Wing nsf Scratched Over 25mm Thru Paint,Door nsf Dented Between 10mm + 30mm,B Post ns Scratched UpTo 25mm Thru Paint,Door nsr Scratched UpTo 25mm Thru Paint,C Post ns Dented Between 10mm + 30mm,Sill ns Dented Between 10mm + 30mm,Qtr Panel nsr Dented Between 10mm + 30mm,Bumper Rear Scratched 25 to 100mm Thru Paint,Bumper Rear Moulding Scratched (Painted) Over 25mm Thru Paint,Qtr Panel osr Scratched UpTo 25mm Thru Paint,Door osr Dented Between 10mm + 30mm,C Post os Scratched UpTo 25mm Thru Paint,Door osf Scratched UpTo 25mm Thru Paint,Sill os Scratched UpTo 25mm Thru Paint,A Post os Chipped 1 To 5,Roof Scratched Over 25mm Not Thru Paint,Seat Base Cover osf Soiled Light,Seat Base Cover nsf Soiled Light,Seat Back Cover nsf Soiled Light,Roof Lining Soiled Light","https://shoreham-prod-data-s3-public.s3.eu-west-1.amazonaws.com/motorvehicle/13949/images/1763560545_ci9OPd.jpg, https://shoreham-prod-data-s3-public.s3.eu-west-1.amazonaws.com/motorvehicle/13949/images/1763560554_f9LI6Y.jpg, https://shoreham-prod-data-s3-public.s3.eu-west-1.amazonaws.com/motorvehicle/13949/images/1763560570_e4uKnq.jpg, https://shoreham-prod-data-s3-public.s3.eu-west-1.amazonaws.com/motorvehicle/13949/images/1763560587_PWP8Uu.jpg, https://shoreham-prod-data-s3-public.s3.eu-west-1.amazonaws.com/motorvehicle/13949/images/1763560593_Ko3qew.jpg, https://shoreham-prod-data-s3-public.s3.eu-west-1.amazonaws.com/motorvehicle/13949/images/1763560604_RTmbiq.jpg, https://shoreham-prod-data-s3-public.s3.eu-west-1.amazonaws.com/motorvehicle/13949/images/1763558446_deark1.jpg, https://shoreham-prod-data-s3-public.s3.eu-west-1.amazonaws.com/motorvehicle/13949/images/1763558458_5sRlbW.jpg, https://shoreham-prod-data-s3-public.s3.eu-west-1.amazonaws.com/motorvehicle/13949/images/1763558591_lxd0sv.jpg, https://shoreham-prod-data-s3-public.s3.eu-west-1.amazonaws.com/motorvehicle/13949/images/1763558598_Rykwrn.jpg, https://shoreham-prod-data-s3-public.s3.eu-west-1.amazonaws.com/motorvehicle/13949/images/1763558615_4DFMhs.jpg, https://shoreham-prod-data-s3-public.s3.eu-west-1.amazonaws.com/motorvehicle/13949/images/1763558638_fibaPU.jpg, https://shoreham-prod-data-s3-public.s3.eu-west-1.amazonaws.com/motorvehicle/13949/images/1763558644_7g4zt4.jpg, https://shoreham-prod-data-s3-public.s3.eu-west-1.amazonaws.com/motorvehicle/13949/images/1763558648_wqAhN9.jpg, https://shoreham-prod-data-s3-public.s3.eu-west-1.amazonaws.com/motorvehicle/13949/images/1763558662_5oBZpL.jpg, https://shoreham-prod-data-s3-public.s3.eu-west-1.amazonaws.com/motorvehicle/13949/images/1763558666_Cw4Q3u.jpg, https://shoreham-prod-data-s3-public.s3.eu-west-1.amazonaws.com/motorvehicle/13949/images/1763558700_GbIAMV.jpg, https://shoreham-prod-data-s3-public.s3.eu-west-1.amazonaws.com/motorvehicle/13949/images/1763558724_M5b5Ff.jpg, https://shoreham-prod-data-s3-public.s3.eu-west-1.amazonaws.com/motorvehicle/13949/images/1763558735_sdsPwL.jpg, https://shoreham-prod-data-s3-public.s3.eu-west-1.amazonaws.com/motorvehicle/13949/images/1763560657_mUap4m.jpg, https://shoreham-prod-data-s3-public.s3.eu-west-1.amazonaws.com/motorvehicle/13949/images/1763560664_zpmcoP.jpg, https://shoreham-prod-data-s3-public.s3.eu-west-1.amazonaws.com/motorvehicle/13949/images/1763560719_dFFPK8.jpg, https://shoreham-prod-data-s3-public.s3.eu-west-1.amazonaws.com/motorvehicle/13949/images/1763560893_8paVhn.jpg, https://shoreham-prod-data-s3-public.s3.eu-west-1.amazonaws.com/motorvehicle/13949/images/1763561099_OL3s0H.jpg, https://shoreham-prod-data-s3-public.s3.eu-west-1.amazonaws.com/motorvehicle/13949/images/1763561341_nIZiFj.jpg, https://shoreham-prod-data-s3-public.s3.eu-west-1.amazonaws.com/motorvehicle/13949/images/1763561411_mJAaP4.jpg, https://shoreham-prod-data-s3-public.s3.eu-west-1.amazonaws.com/motorvehicle/13949/images/1763561439_kTzzfV.jpg, https://shoreham-prod-data-s3-public.s3.eu-west-1.amazonaws.com/motorvehicle/13949/images/1763561475_gVGnxv.jpg, https://shoreham-prod-data-s3-public.s3.eu-west-1.amazonaws.com/motorvehicle/13949/images/1763561497_wlxzLx.jpg, https://shoreham-prod-data-s3-public.s3.eu-west-1.amazonaws.com/motorvehicle/13949/images/1763561525_UIXIPt.jpg, https://shoreham-prod-data-s3-public.s3.eu-west-1.amazonaws.com/motorvehicle/13949/images/1763561611_Ox4TVm.jpg, https://shoreham-prod-data-s3-public.s3.eu-west-1.amazonaws.com/motorvehicle/13949/images/1763561638_ESjMiG.jpg, https://shoreham-prod-data-s3-public.s3.eu-west-1.amazonaws.com/motorvehicle/13949/images/1763561670_vn0byV.jpg, https://shoreham-prod-data-s3-public.s3.eu-west-1.amazonaws.com/motorvehicle/13949/images/1763561692_b0BISR.jpg, https://shoreham-prod-data-s3-public.s3.eu-west-1.amazonaws.com/motorvehicle/13949/images/1763561715_AL34re.jpg, https://shoreham-prod-data-s3-public.s3.eu-west-1.amazonaws.com/motorvehicle/13949/images/1763561746_8zvokN.jpg, https://shoreham-prod-data-s3-public.s3.eu-west-1.amazonaws.com/motorvehicle/13949/images/1763561789_p3InGY.jpg, https://shoreham-prod-data-s3-public.s3.eu-west-1.amazonaws.com/motorvehicle/13949/images/1763561810_7SLGKm.jpg, https://shoreham-prod-data-s3-public.s3.eu-west-1.amazonaws.com/motorvehicle/13949/images/1763562171_ru0mu8.jpg, https://shoreham-prod-data-s3-public.s3.eu-west-1.amazonaws.com/motorvehicle/13949/images/1763562197_FMpLql.jpg, https://shoreham-prod-data-s3-public.s3.eu-west-1.amazonaws.com/motorvehicle/13949/images/1763562224_DmzjeT.jpg, https://shoreham-prod-data-s3-public.s3.eu-west-1.amazonaws.com/motorvehicle/13949/images/1763562252_cPSnZn.jpg, https://shoreham-prod-data-s3-public.s3.eu-west-1.amazonaws.com/motorvehicle/13949/images/1763562284_qfCKJw.jpg, https://shoreham-prod-data-s3-public.s3.eu-west-1.amazonaws.com/motorvehicle/13949/images/1763562322_y65H64.jpg, https://shoreham-prod-data-s3-public.s3.eu-west-1.amazonaws.com/motorvehicle/13949/images/1763562370_iFUDCG.jpg, https://shoreham-prod-data-s3-public.s3.eu-west-1.amazonaws.com/motorvehicle/13949/images/1763562390_mpKg9h.jpg, https://shoreham-prod-data-s3-public.s3.eu-west-1.amazonaws.com/motorvehicle/13949/images/1763562467_4V7fvF.jpg, https://shoreham-prod-data-s3-public.s3.eu-west-1.amazonaws.com/motorvehicle/13949/images/1763562491_fWTkrw.jpg, https://shoreham-prod-data-s3-public.s3.eu-west-1.amazonaws.com/motorvehicle/13949/images/1763562528_YorzxC.jpg"
Audi A5 1.8T FSI Black Edition 5dr Multitronic [5 Seat],5,Dealer P/X and Finance,Lancing,SG64FNP,162,24/11/2025,14:00,Audi,A5,1.8T FSI Black Edition 5dr Multitronic [5 Seat],2,Petrol,CVT,RED,Margin,Expired,Buyer To Apply,2,None,"£5,900.00","£5,225.00","£4,575.00",ADVANTAGE FINANCE,,,,06/09/2014,2014,1.8,77445,No,"{
    ""Mechanical"": {},
    ""Interior"": {
        ""Carpet condition"": ""Average"",
        ""Seat condition"": ""Average"",
        ""Upholstery condition"": ""Average"",
        ""Odour"": ""No""
    }
}",Yes,"{
    ""Notes"": {
        ""Note 1"": ""SKEY""
    }
}","Tyre NSF: OK, Tyre OSF: 4.0mm, Tyre NSR: 4.0mm, Tyre OSR: 4.0mm, Spare Tyre: na",https://www.shorehamvehicleauctions.com/motorvehicleinspectionreport/standard/13418.pdf,3,"https://shoreham-prod-data-s3-public.s3.eu-west-1.amazonaws.com/motorvehicle/13418/images/1763368571_w1z7SB.jpg,https://shoreham-prod-data-s3-public.s3.eu-west-1.amazonaws.com/motorvehicle/13418/images/1763368605_EvoDvK.jpg,https://shoreham-prod-data-s3-public.s3.eu-west-1.amazonaws.com/motorvehicle/13418/images/1763368617_hNBVVP.jpg,https://shoreham-prod-data-s3-public.s3.eu-west-1.amazonaws.com/motorvehicle/13418/images/1763368659_l5mvh3.jpg,https://shoreham-prod-data-s3-public.s3.eu-west-1.amazonaws.com/motorvehicle/13418/images/1763368698_bFVM9h.jpg,https://shoreham-prod-data-s3-public.s3.eu-west-1.amazonaws.com/motorvehicle/13418/images/1763368730_2bFj3e.jpg,https://shoreham-prod-data-s3-public.s3.eu-west-1.amazonaws.com/motorvehicle/13418/images/1763368740_B4GLsM.jpg,https://shoreham-prod-data-s3-public.s3.eu-west-1.amazonaws.com/motorvehicle/13418/images/1763368763_lLZ1qd.jpg,https://shoreham-prod-data-s3-public.s3.eu-west-1.amazonaws.com/motorvehicle/13418/images/1763368784_68nJHK.jpg,https://shoreham-prod-data-s3-public.s3.eu-west-1.amazonaws.com/motorvehicle/13418/images/1763368813_qgyNGK.jpg,https://shoreham-prod-data-s3-public.s3.eu-west-1.amazonaws.com/motorvehicle/13418/images/1763368842_k5QTkH.jpg,https://shoreham-prod-data-s3-public.s3.eu-west-1.amazonaws.com/motorvehicle/13418/images/1763368887_kK8JZa.jpg,https://shoreham-prod-data-s3-public.s3.eu-west-1.amazonaws.com/motorvehicle/13418/images/1763368915_Ot4hoV.jpg,https://shoreham-prod-data-s3-public.s3.eu-west-1.amazonaws.com/motorvehicle/13418/images/1763368927_us4VCC.jpg,https://shoreham-prod-data-s3-public.s3.eu-west-1.amazonaws.com/motorvehicle/13418/images/1763368945_78NR8S.jpg,https://shoreham-prod-data-s3-public.s3.eu-west-1.amazonaws.com/motorvehicle/13418/images/1763368958_iM4CxU.jpg,https://shoreham-prod-data-s3-public.s3.eu-west-1.amazonaws.com/motorvehicle/13418/images/1763368978_tj9UFU.jpg,https://shoreham-prod-data-s3-public.s3.eu-west-1.amazonaws.com/motorvehicle/13418/images/1763368993_PAF3WF.jpg,https://shoreham-prod-data-s3-public.s3.eu-west-1.amazonaws.com/motorvehicle/13418/images/1763369007_U62FIy.jpg,https://shoreham-prod-data-s3-public.s3.eu-west-1.amazonaws.com/motorvehicle/13418/images/1763369020_uGXZRn.jpg","Bonnet Chipped 1 To 5,Bumper Front Scratched 25 to 100mm Thru Paint,Wheel nsf Scratched Over 50mm,Wing nsf Chipped 1 To 5,Door nsf Chipped 1 To 5,Door nsr Dented Over 30mm,Sill Panel Trim ns Scratched (Painted) Over 25mm Thru Paint,Wheel nsr Scratched Over 50mm,A Post ns Dented Between 10mm + 30mm,Bumper Rear Scratched Up To 25mm Thru Paint,Tailgate Chipped 1 To 5,Shelfload Cover Rear Damaged Replace,Wheel osr Scratched Over 50mm,Qtr Panel osr Scratched UpTo 25mm Thru Paint,Door osr Dented Between 10mm + 30mm,Door osf Dented Between 10mm + 30mm,Roof Chipped 1 To 5,Door Mirror Assy osf Scratched (Painted) UpTo 25mm Thru Paint,Wing osf Scratched UpTo 25mm Thru Paint,Wheel osf Scratched Over 50mm","https://shoreham-prod-data-s3-public.s3.eu-west-1.amazonaws.com/motorvehicle/13418/images/1763368237_QPSckO.jpg, https://shoreham-prod-data-s3-public.s3.eu-west-1.amazonaws.com/motorvehicle/13418/images/1763368245_SAiyVu.jpg, https://shoreham-prod-data-s3-public.s3.eu-west-1.amazonaws.com/motorvehicle/13418/images/1763368251_Ym2bTT.jpg, https://shoreham-prod-data-s3-public.s3.eu-west-1.amazonaws.com/motorvehicle/13418/images/1763368256_q0Dm4u.jpg, https://shoreham-prod-data-s3-public.s3.eu-west-1.amazonaws.com/motorvehicle/13418/images/1763368268_NWx3gV.jpg, https://shoreham-prod-data-s3-public.s3.eu-west-1.amazonaws.com/motorvehicle/13418/images/1763368273_lDjHdy.jpg, https://shoreham-prod-data-s3-public.s3.eu-west-1.amazonaws.com/motorvehicle/13418/images/1763368277_4hzNmo.jpg, https://shoreham-prod-data-s3-public.s3.eu-west-1.amazonaws.com/motorvehicle/13418/images/1763368282_uyYjyF.jpg, https://shoreham-prod-data-s3-public.s3.eu-west-1.amazonaws.com/motorvehicle/13418/images/1763368286_F061QX.jpg, https://shoreham-prod-data-s3-public.s3.eu-west-1.amazonaws.com/motorvehicle/13418/images/1763368337_FI36ai.jpg, https://shoreham-prod-data-s3-public.s3.eu-west-1.amazonaws.com/motorvehicle/13418/images/1763368344_4Ys5Av.jpg, https://shoreham-prod-data-s3-public.s3.eu-west-1.amazonaws.com/motorvehicle/13418/images/1763368350_Vzz3P1.jpg, https://shoreham-prod-data-s3-public.s3.eu-west-1.amazonaws.com/motorvehicle/13418/images/1763368355_mFa9rl.jpg, https://shoreham-prod-data-s3-public.s3.eu-west-1.amazonaws.com/motorvehicle/13418/images/1763368359_QFChzR.jpg, https://shoreham-prod-data-s3-public.s3.eu-west-1.amazonaws.com/motorvehicle/13418/images/1763368363_xCGyDP.jpg, https://shoreham-prod-data-s3-public.s3.eu-west-1.amazonaws.com/motorvehicle/13418/images/1763368403_vvgZwP.jpg, https://shoreham-prod-data-s3-public.s3.eu-west-1.amazonaws.com/motorvehicle/13418/images/1763368408_3KlMm9.jpg, https://shoreham-prod-data-s3-public.s3.eu-west-1.amazonaws.com/motorvehicle/13418/images/1763368419_HYUBeh.jpg, https://shoreham-prod-data-s3-public.s3.eu-west-1.amazonaws.com/motorvehicle/13418/images/1763368571_w1z7SB.jpg, https://shoreham-prod-data-s3-public.s3.eu-west-1.amazonaws.com/motorvehicle/13418/images/1763368605_EvoDvK.jpg, https://shoreham-prod-data-s3-public.s3.eu-west-1.amazonaws.com/motorvehicle/13418/images/1763368617_hNBVVP.jpg, https://shoreham-prod-data-s3-public.s3.eu-west-1.amazonaws.com/motorvehicle/13418/images/1763368659_l5mvh3.jpg, https://shoreham-prod-data-s3-public.s3.eu-west-1.amazonaws.com/motorvehicle/13418/images/1763368698_bFVM9h.jpg, https://shoreham-prod-data-s3-public.s3.eu-west-1.amazonaws.com/motorvehicle/13418/images/1763368730_2bFj3e.jpg, https://shoreham-prod-data-s3-public.s3.eu-west-1.amazonaws.com/motorvehicle/13418/images/1763368740_B4GLsM.jpg, https://shoreham-prod-data-s3-public.s3.eu-west-1.amazonaws.com/motorvehicle/13418/images/1763368763_lLZ1qd.jpg, https://shoreham-prod-data-s3-public.s3.eu-west-1.amazonaws.com/motorvehicle/13418/images/1763368784_68nJHK.jpg, https://shoreham-prod-data-s3-public.s3.eu-west-1.amazonaws.com/motorvehicle/13418/images/1763368813_qgyNGK.jpg, https://shoreham-prod-data-s3-public.s3.eu-west-1.amazonaws.com/motorvehicle/13418/images/1763368842_k5QTkH.jpg, https://shoreham-prod-data-s3-public.s3.eu-west-1.amazonaws.com/motorvehicle/13418/images/1763368887_kK8JZa.jpg, https://shoreham-prod-data-s3-public.s3.eu-west-1.amazonaws.com/motorvehicle/13418/images/1763368915_Ot4hoV.jpg, https://shoreham-prod-data-s3-public.s3.eu-west-1.amazonaws.com/motorvehicle/13418/images/1763368927_us4VCC.jpg, https://shoreham-prod-data-s3-public.s3.eu-west-1.amazonaws.com/motorvehicle/13418/images/1763368945_78NR8S.jpg, https://shoreham-prod-data-s3-public.s3.eu-west-1.amazonaws.com/motorvehicle/13418/images/1763368958_iM4CxU.jpg, https://shoreham-prod-data-s3-public.s3.eu-west-1.amazonaws.com/motorvehicle/13418/images/1763368978_tj9UFU.jpg, https://shoreham-prod-data-s3-public.s3.eu-west-1.amazonaws.com/motorvehicle/13418/images/1763368993_PAF3WF.jpg, https://shoreham-prod-data-s3-public.s3.eu-west-1.amazonaws.com/motorvehicle/13418/images/1763369007_U62FIy.jpg, https://shoreham-prod-data-s3-public.s3.eu-west-1.amazonaws.com/motorvehicle/13418/images/1763369020_uGXZRn.jpg"
Nissan Qashqai 1.5 dCi 115 Acenta Premium 5dr,5,Dealer P/X and Finance,Lancing,WV68GMX,215,24/11/2025,14:00,Nissan,Qashqai,1.5 dCi 115 Acenta Premium 5dr,1,Diesel,MANUAL,BLUE,Margin,11/12/2026,Here,1,Yes,"£6,350.00","£5,550.00","£4,725.00",SHOREHAM VEHICLE AUCTIONS COMPANY CAR,"84,000",21/10/2025,8,27/12/2018,2018,1.5,85490,Yes,"{
    ""Mechanical"": {
        ""Engine runs"": ""OK"",
        ""Brakes"": ""OK"",
        ""Clutch"": ""OK"",
        ""Gearbox"": ""OK"",
        ""Warning lights"": ""OK"",
        ""Steering"": ""OK"",
        ""Media"": ""OK"",
        ""Service indicator"": ""OK"",
        ""Windows"": ""OK"",
        ""Central locking"": ""OK""
    },
    ""Interior"": {
        ""Carpet condition"": ""Average"",
        ""Seat condition"": ""Average"",
        ""Upholstery condition"": ""Average"",
        ""Odour"": ""No""
    }
}",No,"{
    ""Notes"": {
        ""Note 1"": ""8 STAMPS LAST @ 84K 10.25 <br/>\n\nLAST SERVICE INCLUDES CAMBELT KIT <br/>\n\nREAR PADS DONE AT 85311 14/11/2025<br/>\n\nFUEL PUMP AND INJECTORS REPALCED DUE TO MISFUELLED""
    }
}","Tyre NSF: 5.0mm, Tyre OSF: 4.0mm, Tyre NSR: 5.0mm, Tyre OSR: 5.0mm, Spare Tyre: na",https://www.shorehamvehicleauctions.com/motorvehicleinspectionreport/standard/13606.pdf,2,"https://shoreham-prod-data-s3-public.s3.eu-west-1.amazonaws.com/motorvehicle/13606/images/1763737182_WBsC4r.jpg,https://shoreham-prod-data-s3-public.s3.eu-west-1.amazonaws.com/motorvehicle/13606/images/1763737206_D8DIZu.jpg,https://shoreham-prod-data-s3-public.s3.eu-west-1.amazonaws.com/motorvehicle/13606/images/1763737223_32kUwQ.jpg,https://shoreham-prod-data-s3-public.s3.eu-west-1.amazonaws.com/motorvehicle/13606/images/1763737236_dJZDm8.jpg,https://shoreham-prod-data-s3-public.s3.eu-west-1.amazonaws.com/motorvehicle/13606/images/1763737261_hVHqIO.jpg,https://shoreham-prod-data-s3-public.s3.eu-west-1.amazonaws.com/motorvehicle/13606/images/1763737294_3uBizq.jpg,https://shoreham-prod-data-s3-public.s3.eu-west-1.amazonaws.com/motorvehicle/13606/images/1763737305_5KLbeL.jpg,https://shoreham-prod-data-s3-public.s3.eu-west-1.amazonaws.com/motorvehicle/13606/images/1763737334_fkNzHL.jpg,https://shoreham-prod-data-s3-public.s3.eu-west-1.amazonaws.com/motorvehicle/13606/images/1763737347_G9tbGO.jpg,https://shoreham-prod-data-s3-public.s3.eu-west-1.amazonaws.com/motorvehicle/13606/images/1763737373_XyCkik.jpg,https://shoreham-prod-data-s3-public.s3.eu-west-1.amazonaws.com/motorvehicle/13606/images/1763737385_DU3O85.jpg,https://shoreham-prod-data-s3-public.s3.eu-west-1.amazonaws.com/motorvehicle/13606/images/1763737419_k6WV9h.jpg,https://shoreham-prod-data-s3-public.s3.eu-west-1.amazonaws.com/motorvehicle/13606/images/1763737443_QSOzUS.jpg,https://shoreham-prod-data-s3-public.s3.eu-west-1.amazonaws.com/motorvehicle/13606/images/1763737469_AWI7tK.jpg,https://shoreham-prod-data-s3-public.s3.eu-west-1.amazonaws.com/motorvehicle/13606/images/1763737501_kHAU1J.jpg,https://shoreham-prod-data-s3-public.s3.eu-west-1.amazonaws.com/motorvehicle/13606/images/1763737512_sTnPlW.jpg,https://shoreham-prod-data-s3-public.s3.eu-west-1.amazonaws.com/motorvehicle/13606/images/1763737534_0HmYPs.jpg,https://shoreham-prod-data-s3-public.s3.eu-west-1.amazonaws.com/motorvehicle/13606/images/1763737817_Bw66Lk.jpg","Bonnet Chipped 1 To 5,Wheel nsf Scratched Up To 50mm,Wing nsf Scratched UpTo 25mm Thru Paint,Door Mirror Assy nsf Scratched (Painted) Over 25mm Not Thru Paint,Door nsf Scratched UpTo 25mm Thru Paint,Door nsr Dented Between 10mm + 30mm,Handle Outer nsr Scratched (Painted) UpTo 25mm Thru Paint,Qtr Panel nsr Scratched UpTo 25mm Thru Paint,Bumper Rear Scratched 25 to 100mm Thru Paint,Tailgate Scratched UpTo 25mm Thru Paint,Shelfload Cover Rear Missing Replace,Door osr Scratched UpTo 25mm Thru Paint,Door osf Scratched UpTo 25mm Thru Paint,B Post os Dented Between 10mm + 30mm,Wing osf Chipped 1 To 5,Wheel osf Scratched Up To 50mm,Roof Scratched UpTo 25mm Thru Paint,Door Mirror Assy osf Broken Replace","https://shoreham-prod-data-s3-public.s3.eu-west-1.amazonaws.com/motorvehicle/13606/images/1763736940_aXu1Rw.jpg, https://shoreham-prod-data-s3-public.s3.eu-west-1.amazonaws.com/motorvehicle/13606/images/1763736947_qQ93Vh.jpg, https://shoreham-prod-data-s3-public.s3.eu-west-1.amazonaws.com/motorvehicle/13606/images/1763736956_G3f8Oq.jpg, https://shoreham-prod-data-s3-public.s3.eu-west-1.amazonaws.com/motorvehicle/13606/images/1763736963_iVEYkq.jpg, https://shoreham-prod-data-s3-public.s3.eu-west-1.amazonaws.com/motorvehicle/13606/images/1763736967_4ykBHn.jpg, https://shoreham-prod-data-s3-public.s3.eu-west-1.amazonaws.com/motorvehicle/13606/images/1763736973_5rGCPl.jpg, https://shoreham-prod-data-s3-public.s3.eu-west-1.amazonaws.com/motorvehicle/13606/images/1763737011_3joY74.jpg, https://shoreham-prod-data-s3-public.s3.eu-west-1.amazonaws.com/motorvehicle/13606/images/1763737022_B4UAmI.jpg, https://shoreham-prod-data-s3-public.s3.eu-west-1.amazonaws.com/motorvehicle/13606/images/1763737027_I9ByPh.jpg, https://shoreham-prod-data-s3-public.s3.eu-west-1.amazonaws.com/motorvehicle/13606/images/1763737111_U37o9b.jpg, https://shoreham-prod-data-s3-public.s3.eu-west-1.amazonaws.com/motorvehicle/13606/images/1763737034_nPni0k.jpg, https://shoreham-prod-data-s3-public.s3.eu-west-1.amazonaws.com/motorvehicle/13606/images/1763737039_XrDTEU.jpg, https://shoreham-prod-data-s3-public.s3.eu-west-1.amazonaws.com/motorvehicle/13606/images/1763737043_CfeVYg.jpg, https://shoreham-prod-data-s3-public.s3.eu-west-1.amazonaws.com/motorvehicle/13606/images/1763737047_57X9Xh.jpg, https://shoreham-prod-data-s3-public.s3.eu-west-1.amazonaws.com/motorvehicle/13606/images/1763737060_x8ITEI.jpg, https://shoreham-prod-data-s3-public.s3.eu-west-1.amazonaws.com/motorvehicle/13606/images/1763737066_FHhE6r.jpg, https://shoreham-prod-data-s3-public.s3.eu-west-1.amazonaws.com/motorvehicle/13606/images/1763737075_gdOdzi.jpg, https://shoreham-prod-data-s3-public.s3.eu-west-1.amazonaws.com/motorvehicle/13606/images/1763737080_DC7nV9.jpg, https://shoreham-prod-data-s3-public.s3.eu-west-1.amazonaws.com/motorvehicle/13606/images/1763737102_fq3yBr.jpg, https://shoreham-prod-data-s3-public.s3.eu-west-1.amazonaws.com/motorvehicle/13606/images/1763737182_WBsC4r.jpg, https://shoreham-prod-data-s3-public.s3.eu-west-1.amazonaws.com/motorvehicle/13606/images/1763737206_D8DIZu.jpg, https://shoreham-prod-data-s3-public.s3.eu-west-1.amazonaws.com/motorvehicle/13606/images/1763737223_32kUwQ.jpg, https://shoreham-prod-data-s3-public.s3.eu-west-1.amazonaws.com/motorvehicle/13606/images/1763737236_dJZDm8.jpg, https://shoreham-prod-data-s3-public.s3.eu-west-1.amazonaws.com/motorvehicle/13606/images/1763737261_hVHqIO.jpg, https://shoreham-prod-data-s3-public.s3.eu-west-1.amazonaws.com/motorvehicle/13606/images/1763737294_3uBizq.jpg, https://shoreham-prod-data-s3-public.s3.eu-west-1.amazonaws.com/motorvehicle/13606/images/1763737305_5KLbeL.jpg, https://shoreham-prod-data-s3-public.s3.eu-west-1.amazonaws.com/motorvehicle/13606/images/1763737334_fkNzHL.jpg, https://shoreham-prod-data-s3-public.s3.eu-west-1.amazonaws.com/motorvehicle/13606/images/1763737347_G9tbGO.jpg, https://shoreham-prod-data-s3-public.s3.eu-west-1.amazonaws.com/motorvehicle/13606/images/1763737373_XyCkik.jpg, https://shoreham-prod-data-s3-public.s3.eu-west-1.amazonaws.com/motorvehicle/13606/images/1763737385_DU3O85.jpg, https://shoreham-prod-data-s3-public.s3.eu-west-1.amazonaws.com/motorvehicle/13606/images/1763737419_k6WV9h.jpg, https://shoreham-prod-data-s3-public.s3.eu-west-1.amazonaws.com/motorvehicle/13606/images/1763737443_QSOzUS.jpg, https://shoreham-prod-data-s3-public.s3.eu-west-1.amazonaws.com/motorvehicle/13606/images/1763737469_AWI7tK.jpg, https://shoreham-prod-data-s3-public.s3.eu-west-1.amazonaws.com/motorvehicle/13606/images/1763737501_kHAU1J.jpg, https://shoreham-prod-data-s3-public.s3.eu-west-1.amazonaws.com/motorvehicle/13606/images/1763737512_sTnPlW.jpg, https://shoreham-prod-data-s3-public.s3.eu-west-1.amazonaws.com/motorvehicle/13606/images/1763737534_0HmYPs.jpg, https://shoreham-prod-data-s3-public.s3.eu-west-1.amazonaws.com/motorvehicle/13606/images/1763737817_Bw66Lk.jpg"
